{"train loss": 5.087432022705879, "train acc": 48.00142523475681, "train prompts loss": 2.30771683505635, "epoch": 5, "_timestamp": 1681281883.2068698, "_runtime": 636.470764875412, "_step": 4}